{
  "users": {
    "62895328005151@s.whatsapp.net": {
      "afkTime": -1,
      "afkReason": "",
      "limit": 100
    },
    "6289501427163@s.whatsapp.net": {
      "afkTime": -1,
      "afkReason": "",
      "limit": 100
    },
    "6285246154386@s.whatsapp.net": {
      "afkTime": -1,
      "afkReason": "",
      "limit": 100
    },
    "6288985102947@s.whatsapp.net": {
      "afkTime": -1,
      "afkReason": "",
      "limit": 100
    },
    "6285176973730@s.whatsapp.net": {
      "afkTime": -1,
      "afkReason": "",
      "limit": 60
    },
    "6285236800210@s.whatsapp.net": {
      "afkTime": -1,
      "afkReason": "",
      "limit": 60
    },
    "6281257172080@s.whatsapp.net": {
      "afkTime": -1,
      "afkReason": "",
      "limit": 60
    },
    "6281999855284@s.whatsapp.net": {
      "afkTime": -1,
      "afkReason": "",
      "limit": 60
    },
    "6281325453617@s.whatsapp.net": {
      "afkTime": -1,
      "afkReason": "",
      "limit": 60
    },
    "6283838704864@s.whatsapp.net": {
      "afkTime": -1,
      "afkReason": "",
      "limit": 60
    },
    "6281296696340@s.whatsapp.net": {
      "afkTime": -1,
      "afkReason": "",
      "limit": 60
    },
    "62877961985368@s.whatsapp.net": {
      "afkTime": -1,
      "afkReason": "",
      "limit": 60
    },
    "62882003889156@s.whatsapp.net": {
      "afkTime": -1,
      "afkReason": "",
      "limit": 60
    },
    "6281328144300@s.whatsapp.net": {
      "afkTime": -1,
      "afkReason": "",
      "limit": 60
    },
    "6289524156232@s.whatsapp.net": {
      "afkTime": -1,
      "afkReason": "",
      "limit": 60
    },
    "62882016757068@s.whatsapp.net": {
      "afkTime": -1,
      "afkReason": "",
      "limit": 60
    },
    "6285758051315@s.whatsapp.net": {
      "afkTime": -1,
      "afkReason": "",
      "limit": 60
    },
    "6283183923247@s.whatsapp.net": {
      "afkTime": -1,
      "afkReason": "",
      "limit": 60
    },
    "6282219580699@s.whatsapp.net": {
      "afkTime": -1,
      "afkReason": "",
      "limit": 60
    },
    "6281585548635@s.whatsapp.net": {
      "afkTime": -1,
      "afkReason": "",
      "limit": 60
    },
    "6285782001205@s.whatsapp.net": {
      "afkTime": -1,
      "afkReason": "",
      "limit": 60
    },
    "6285346931299@s.whatsapp.net": {
      "afkTime": -1,
      "afkReason": "",
      "limit": 60
    },
    "51918107116@s.whatsapp.net": {
      "afkTime": -1,
      "afkReason": "",
      "limit": 60
    },
    "6283852553128@s.whatsapp.net": {
      "afkTime": -1,
      "afkReason": "",
      "limit": 60
    },
    "6289520430523@s.whatsapp.net": {
      "afkTime": -1,
      "afkReason": "",
      "limit": 60
    },
    "6281386619226@s.whatsapp.net": {
      "afkTime": -1,
      "afkReason": "",
      "limit": 60
    },
    "6281219528609@s.whatsapp.net": {
      "afkTime": -1,
      "afkReason": "",
      "limit": 60
    },
    "6285266466278@s.whatsapp.net": {
      "afkTime": -1,
      "afkReason": "",
      "limit": 60
    },
    "62895385535139@s.whatsapp.net": {
      "afkTime": -1,
      "afkReason": "",
      "limit": 60
    },
    "6289676358643@s.whatsapp.net": {
      "afkTime": -1,
      "afkReason": "",
      "limit": 60
    },
    "6281902674882@s.whatsapp.net": {
      "afkTime": -1,
      "afkReason": "",
      "limit": 60
    },
    "6283136950991@s.whatsapp.net": {
      "afkTime": -1,
      "afkReason": "",
      "limit": 60
    },
    "6283128379376@s.whatsapp.net": {
      "afkTime": -1,
      "afkReason": "",
      "limit": 60
    },
    "6288901712919@s.whatsapp.net": {
      "afkTime": -1,
      "afkReason": "",
      "limit": 60
    },
    "6283117774142@s.whatsapp.net": {
      "afkTime": -1,
      "afkReason": "",
      "limit": 60
    },
    "62895635220528@s.whatsapp.net": {
      "afkTime": -1,
      "afkReason": "",
      "limit": 60
    },
    "6287765116188@s.whatsapp.net": {
      "afkTime": -1,
      "afkReason": "",
      "limit": 60
    },
    "6285100828984@s.whatsapp.net": {
      "afkTime": -1,
      "afkReason": "",
      "limit": 60
    },
    "6281235283254@s.whatsapp.net": {
      "afkTime": -1,
      "afkReason": "",
      "limit": 60
    },
    "6283838057050@s.whatsapp.net": {
      "afkTime": -1,
      "afkReason": "",
      "limit": 60
    },
    "6281513703920@s.whatsapp.net": {
      "afkTime": -1,
      "afkReason": "",
      "limit": 60
    },
    "6285758645229@s.whatsapp.net": {
      "afkTime": -1,
      "afkReason": "",
      "limit": 60
    },
    "6289636259738@s.whatsapp.net": {
      "afkTime": -1,
      "afkReason": "",
      "limit": 60
    },
    "62882008103845@s.whatsapp.net": {
      "afkTime": -1,
      "afkReason": "",
      "limit": 60
    },
    "6288901611905@s.whatsapp.net": {
      "afkTime": -1,
      "afkReason": "",
      "limit": 60
    },
    "6288807419898@s.whatsapp.net": {
      "afkTime": -1,
      "afkReason": "",
      "limit": 60
    },
    "6283119714497@s.whatsapp.net": {
      "afkTime": -1,
      "afkReason": "",
      "limit": 60
    },
    "6282350947854@s.whatsapp.net": {
      "afkTime": -1,
      "afkReason": "",
      "limit": 60
    },
    "6285692451191@s.whatsapp.net": {
      "afkTime": -1,
      "afkReason": "",
      "limit": 60
    },
    "62895809400308@s.whatsapp.net": {
      "afkTime": -1,
      "afkReason": "",
      "limit": 60
    },
    "6283850138488@s.whatsapp.net": {
      "afkTime": -1,
      "afkReason": "",
      "limit": 60
    },
    "6283110887998@s.whatsapp.net": {
      "afkTime": -1,
      "afkReason": "",
      "limit": 60
    },
    "6282269029892@s.whatsapp.net": {
      "afkTime": -1,
      "afkReason": "",
      "limit": 60
    },
    "6283819392007@s.whatsapp.net": {
      "afkTime": -1,
      "afkReason": "",
      "limit": 60
    },
    "6288802752781@s.whatsapp.net": {
      "afkTime": -1,
      "afkReason": "",
      "limit": 60
    },
    "6285808717897@s.whatsapp.net": {
      "afkTime": -1,
      "afkReason": "",
      "limit": 60
    },
    "60147833909@s.whatsapp.net": {
      "afkTime": -1,
      "afkReason": "",
      "limit": 60
    },
    "6288269077421@s.whatsapp.net": {
      "afkTime": -1,
      "afkReason": "",
      "limit": 60
    },
    "6282142115458@s.whatsapp.net": {
      "afkTime": -1,
      "afkReason": "",
      "limit": 60
    },
    "6283822090760@s.whatsapp.net": {
      "afkTime": -1,
      "afkReason": "",
      "limit": 60
    },
    "62895386824453@s.whatsapp.net": {
      "afkTime": -1,
      "afkReason": "",
      "limit": 60
    },
    "62831435555809@s.whatsapp.net": {
      "afkTime": -1,
      "afkReason": "",
      "limit": 60
    },
    "6283838172730@s.whatsapp.net": {
      "afkTime": -1,
      "afkReason": "",
      "limit": 60
    },
    "6282143815761@s.whatsapp.net": {
      "afkTime": -1,
      "afkReason": "",
      "limit": 60
    },
    "6283138829411@s.whatsapp.net": {
      "afkTime": -1,
      "afkReason": "",
      "limit": 60
    },
    "62882000681216@s.whatsapp.net": {
      "afkTime": -1,
      "afkReason": "",
      "limit": 60
    },
    "6285745442935@s.whatsapp.net": {
      "afkTime": -1,
      "afkReason": "",
      "limit": 60
    },
    "6281359691651@s.whatsapp.net": {
      "afkTime": -1,
      "afkReason": "",
      "limit": 60
    },
    "6289681857295@s.whatsapp.net": {
      "afkTime": -1,
      "afkReason": "",
      "limit": 60
    },
    "6283139625009@s.whatsapp.net": {
      "afkTime": -1,
      "afkReason": "",
      "limit": 60
    },
    "6282317692715@s.whatsapp.net": {
      "afkTime": -1,
      "afkReason": "",
      "limit": 60
    },
    "6281252363090@s.whatsapp.net": {
      "afkTime": -1,
      "afkReason": "",
      "limit": 60
    },
    "6285668026390@s.whatsapp.net": {
      "afkTime": -1,
      "afkReason": "",
      "limit": 60
    },
    "62831435555806@s.whatsapp.net": {
      "afkTime": -1,
      "afkReason": "",
      "limit": 60
    },
    "6287873379764@s.whatsapp.net": {
      "afkTime": -1,
      "afkReason": "",
      "limit": 60
    },
    "62882000310190@s.whatsapp.net": {
      "afkTime": -1,
      "afkReason": "",
      "limit": 60
    },
    "62895433466090@s.whatsapp.net": {
      "afkTime": -1,
      "afkReason": "",
      "limit": 60
    },
    "6281532830580@s.whatsapp.net": {
      "afkTime": -1,
      "afkReason": "",
      "limit": 60
    },
    "6285640087167@s.whatsapp.net": {
      "afkTime": -1,
      "afkReason": "",
      "limit": 60
    },
    "6285669801117@s.whatsapp.net": {
      "afkTime": -1,
      "afkReason": "",
      "limit": 60
    },
    "6282218441900@s.whatsapp.net": {
      "afkTime": -1,
      "afkReason": "",
      "limit": 60
    },
    "6281373937592@s.whatsapp.net": {
      "afkTime": -1,
      "afkReason": "",
      "limit": 60
    },
    "6283821021983@s.whatsapp.net": {
      "afkTime": -1,
      "afkReason": "",
      "limit": 60
    },
    "48699558568@s.whatsapp.net": {
      "afkTime": -1,
      "afkReason": "",
      "limit": 60
    },
    "6281262632637@s.whatsapp.net": {
      "afkTime": -1,
      "afkReason": "",
      "limit": 60
    },
    "62895422566200@s.whatsapp.net": {
      "afkTime": -1,
      "afkReason": "",
      "limit": 60
    },
    "6287872732920@s.whatsapp.net": {
      "afkTime": -1,
      "afkReason": "",
      "limit": 60
    },
    "62838662697663@s.whatsapp.net": {
      "afkTime": -1,
      "afkReason": "",
      "limit": 60
    },
    "6281365113686@s.whatsapp.net": {
      "afkTime": -1,
      "afkReason": "",
      "limit": 60
    },
    "6285175253096@s.whatsapp.net": {
      "afkTime": -1,
      "afkReason": "",
      "limit": 60
    },
    "6287758740023@s.whatsapp.net": {
      "afkTime": -1,
      "afkReason": "",
      "limit": 60
    },
    "6285748818035@s.whatsapp.net": {
      "afkTime": -1,
      "afkReason": "",
      "limit": 60
    },
    "6285814611703@s.whatsapp.net": {
      "afkTime": -1,
      "afkReason": "",
      "limit": 60
    },
    "6281515135960@s.whatsapp.net": {
      "afkTime": -1,
      "afkReason": "",
      "limit": 60
    },
    "6288215298055@s.whatsapp.net": {
      "afkTime": -1,
      "afkReason": "",
      "limit": 60
    },
    "6283104253936@s.whatsapp.net": {
      "afkTime": -1,
      "afkReason": "",
      "limit": 60
    },
    "6285175464885@s.whatsapp.net": {
      "afkTime": -1,
      "afkReason": "",
      "limit": 60
    },
    "6289669698104@s.whatsapp.net": {
      "afkTime": -1,
      "afkReason": "",
      "limit": 60
    },
    "6285780741990@s.whatsapp.net": {
      "afkTime": -1,
      "afkReason": "",
      "limit": 60
    },
    "6285733566761@s.whatsapp.net": {
      "afkTime": -1,
      "afkReason": "",
      "limit": 60
    },
    "6281374454236@s.whatsapp.net": {
      "afkTime": -1,
      "afkReason": "",
      "limit": 60
    },
    "6285835614105@s.whatsapp.net": {
      "afkTime": -1,
      "afkReason": "",
      "limit": 60
    },
    "6283151838844@s.whatsapp.net": {
      "afkTime": -1,
      "afkReason": "",
      "limit": 60
    },
    "6281325387200@s.whatsapp.net": {
      "afkTime": -1,
      "afkReason": "",
      "limit": 60
    },
    "6285643421941@s.whatsapp.net": {
      "afkTime": -1,
      "afkReason": "",
      "limit": 60
    },
    "6285213970736@s.whatsapp.net": {
      "afkTime": -1,
      "afkReason": "",
      "limit": 60
    },
    "62895404992174@s.whatsapp.net": {
      "afkTime": -1,
      "afkReason": "",
      "limit": 60
    },
    "6285656574497@s.whatsapp.net": {
      "afkTime": -1,
      "afkReason": "",
      "limit": 60
    },
    "6289670215194@s.whatsapp.net": {
      "afkTime": -1,
      "afkReason": "",
      "limit": 60
    },
    "6285701899215@s.whatsapp.net": {
      "afkTime": -1,
      "afkReason": "",
      "limit": 60
    },
    "6281287641530@s.whatsapp.net": {
      "afkTime": -1,
      "afkReason": "",
      "limit": 60
    },
    "6282373053580@s.whatsapp.net": {
      "afkTime": -1,
      "afkReason": "",
      "limit": 60
    },
    "6281295566795@s.whatsapp.net": {
      "afkTime": -1,
      "afkReason": "",
      "limit": 60
    },
    "6283863435295@s.whatsapp.net": {
      "afkTime": -1,
      "afkReason": "",
      "limit": 60
    },
    "6283112137118@s.whatsapp.net": {
      "afkTime": -1,
      "afkReason": "",
      "limit": 60
    },
    "6283133595150@s.whatsapp.net": {
      "afkTime": -1,
      "afkReason": "",
      "limit": 60
    },
    "6281321540813@s.whatsapp.net": {
      "afkTime": -1,
      "afkReason": "",
      "limit": 60
    },
    "6283822058545@s.whatsapp.net": {
      "afkTime": -1,
      "afkReason": "",
      "limit": 60
    },
    "6283188328048@s.whatsapp.net": {
      "afkTime": -1,
      "afkReason": "",
      "limit": 60
    },
    "6281223309731@s.whatsapp.net": {
      "afkTime": -1,
      "afkReason": "",
      "limit": 60
    },
    "6287852076098@s.whatsapp.net": {
      "afkTime": -1,
      "afkReason": "",
      "limit": 60
    },
    "6281229659935@s.whatsapp.net": {
      "afkTime": -1,
      "afkReason": "",
      "limit": 60
    },
    "6281380056074@s.whatsapp.net": {
      "afkTime": -1,
      "afkReason": "",
      "limit": 60
    },
    "6283142353304@s.whatsapp.net": {
      "afkTime": -1,
      "afkReason": "",
      "limit": 60
    },
    "6289647954893@s.whatsapp.net": {
      "afkTime": -1,
      "afkReason": "",
      "limit": 60
    },
    "6282213003822@s.whatsapp.net": {
      "afkTime": -1,
      "afkReason": "",
      "limit": 60
    },
    "6283842886087@s.whatsapp.net": {
      "afkTime": -1,
      "afkReason": "",
      "limit": 60
    },
    "6282213694805@s.whatsapp.net": {
      "afkTime": -1,
      "afkReason": "",
      "limit": 60
    },
    "6285713720855@s.whatsapp.net": {
      "afkTime": -1,
      "afkReason": "",
      "limit": 60
    },
    "6283830649964@s.whatsapp.net": {
      "afkTime": -1,
      "afkReason": "",
      "limit": 60
    },
    "62895346436611@s.whatsapp.net": {
      "afkTime": -1,
      "afkReason": "",
      "limit": 60
    },
    "6283844082339@s.whatsapp.net": {
      "afkTime": -1,
      "afkReason": "",
      "limit": 60
    },
    "6285811256421@s.whatsapp.net": {
      "afkTime": -1,
      "afkReason": "",
      "limit": 60
    },
    "6285715119564@s.whatsapp.net": {
      "afkTime": -1,
      "afkReason": "",
      "limit": 60
    },
    "6283125043102@s.whatsapp.net": {
      "afkTime": -1,
      "afkReason": "",
      "limit": 60
    },
    "6283876257485@s.whatsapp.net": {
      "afkTime": -1,
      "afkReason": "",
      "limit": 60
    },
    "62895412879600@s.whatsapp.net": {
      "afkTime": -1,
      "afkReason": "",
      "limit": 60
    },
    "6281210644229@s.whatsapp.net": {
      "afkTime": -1,
      "afkReason": "",
      "limit": 60
    },
    "6285710361282@s.whatsapp.net": {
      "afkTime": -1,
      "afkReason": "",
      "limit": 60
    },
    "6285731269975@s.whatsapp.net": {
      "afkTime": -1,
      "afkReason": "",
      "limit": 60
    },
    "60149160230@s.whatsapp.net": {
      "afkTime": -1,
      "afkReason": "",
      "limit": 60
    },
    "6282283656492@s.whatsapp.net": {
      "afkTime": -1,
      "afkReason": "",
      "limit": 60
    },
    "6288218106315@s.whatsapp.net": {
      "afkTime": -1,
      "afkReason": "",
      "limit": 60
    },
    "6285389470582@s.whatsapp.net": {
      "afkTime": -1,
      "afkReason": "",
      "limit": 60
    },
    "6285156598135@s.whatsapp.net": {
      "afkTime": -1,
      "afkReason": "",
      "limit": 60
    },
    "6283186314530@s.whatsapp.net": {
      "afkTime": -1,
      "afkReason": "",
      "limit": 60
    },
    "6282386565559@s.whatsapp.net": {
      "afkTime": -1,
      "afkReason": "",
      "limit": 60
    },
    "6288269649005@s.whatsapp.net": {
      "afkTime": -1,
      "afkReason": "",
      "limit": 60
    },
    "6282220993839@s.whatsapp.net": {
      "afkTime": -1,
      "afkReason": "",
      "limit": 60
    },
    "6285692606381@s.whatsapp.net": {
      "afkTime": -1,
      "afkReason": "",
      "limit": 60
    },
    "6287720638252@s.whatsapp.net": {
      "afkTime": -1,
      "afkReason": "",
      "limit": 60
    },
    "628979774057@s.whatsapp.net": {
      "afkTime": -1,
      "afkReason": "",
      "limit": 60
    },
    "6285606280805@s.whatsapp.net": {
      "afkTime": -1,
      "afkReason": "",
      "limit": 60
    },
    "6289676717597@s.whatsapp.net": {
      "afkTime": -1,
      "afkReason": "",
      "limit": 60
    },
    "6285325631031@s.whatsapp.net": {
      "afkTime": -1,
      "afkReason": "",
      "limit": 60
    },
    "62889017129190@s.whatsapp.net": {
      "afkTime": -1,
      "afkReason": "",
      "limit": 60
    },
    "6282299181249@s.whatsapp.net": {
      "afkTime": -1,
      "afkReason": "",
      "limit": 60
    },
    "6288286890978@s.whatsapp.net": {
      "afkTime": -1,
      "afkReason": "",
      "limit": 60
    },
    "6283140108379@s.whatsapp.net": {
      "afkTime": -1,
      "afkReason": "",
      "limit": 60
    },
    "6281543391915@s.whatsapp.net": {
      "afkTime": -1,
      "afkReason": "",
      "limit": 60
    },
    "6283143459399@s.whatsapp.net": {
      "afkTime": -1,
      "afkReason": "",
      "limit": 60
    },
    "62895610024536@s.whatsapp.net": {
      "afkTime": -1,
      "afkReason": "",
      "limit": 60
    },
    "6282182619247@s.whatsapp.net": {
      "afkTime": -1,
      "afkReason": "",
      "limit": 60
    },
    "6283148085237@s.whatsapp.net": {
      "afkTime": -1,
      "afkReason": "",
      "limit": 60
    },
    "6285176815316@s.whatsapp.net": {
      "afkTime": -1,
      "afkReason": "",
      "limit": 60
    },
    "6283844245768@s.whatsapp.net": {
      "afkTime": -1,
      "afkReason": "",
      "limit": 60
    },
    "6285962324493@s.whatsapp.net": {
      "afkTime": -1,
      "afkReason": "",
      "limit": 60
    },
    "6281221656409@s.whatsapp.net": {
      "afkTime": -1,
      "afkReason": "",
      "limit": 60
    },
    "6285270531272@s.whatsapp.net": {
      "afkTime": -1,
      "afkReason": "",
      "limit": 60
    },
    "6287765828722@s.whatsapp.net": {
      "afkTime": -1,
      "afkReason": "",
      "limit": 60
    },
    "6288287415392@s.whatsapp.net": {
      "afkTime": -1,
      "afkReason": "",
      "limit": 60
    },
    "601159121527@s.whatsapp.net": {
      "afkTime": -1,
      "afkReason": "",
      "limit": 60
    },
    "6285158690355@s.whatsapp.net": {
      "afkTime": -1,
      "afkReason": "",
      "limit": 60
    },
    "6285747896479@s.whatsapp.net": {
      "afkTime": -1,
      "afkReason": "",
      "limit": 60
    },
    "6289668590244@s.whatsapp.net": {
      "afkTime": -1,
      "afkReason": "",
      "limit": 60
    },
    "6281249053472@s.whatsapp.net": {
      "afkTime": -1,
      "afkReason": "",
      "limit": 60
    },
    "62857087842612@s.whatsapp.net": {
      "afkTime": -1,
      "afkReason": "",
      "limit": 60
    },
    "62882874153928@s.whatsapp.net": {
      "afkTime": -1,
      "afkReason": "",
      "limit": 60
    },
    "6288286185711@s.whatsapp.net": {
      "afkTime": -1,
      "afkReason": "",
      "limit": 60
    },
    "6285728199540@s.whatsapp.net": {
      "afkTime": -1,
      "afkReason": "",
      "limit": 60
    },
    "6289514009632@s.whatsapp.net": {
      "afkTime": -1,
      "afkReason": "",
      "limit": 60
    },
    "6283875545028@s.whatsapp.net": {
      "afkTime": -1,
      "afkReason": "",
      "limit": 60
    },
    "6283152600588@s.whatsapp.net": {
      "afkTime": -1,
      "afkReason": "",
      "limit": 60
    },
    "6282389290960@s.whatsapp.net": {
      "afkTime": -1,
      "afkReason": "",
      "limit": 60
    },
    "6285956416240@s.whatsapp.net": {
      "afkTime": -1,
      "afkReason": "",
      "limit": 60
    },
    "6285854003696@s.whatsapp.net": {
      "afkTime": -1,
      "afkReason": "",
      "limit": 60
    },
    "6281345125330@s.whatsapp.net": {
      "afkTime": -1,
      "afkReason": "",
      "limit": 60
    },
    "6283877536731@s.whatsapp.net": {
      "afkTime": -1,
      "afkReason": "",
      "limit": 60
    },
    "6285820557721@s.whatsapp.net": {
      "afkTime": -1,
      "afkReason": "",
      "limit": 60
    },
    "6283891122825@s.whatsapp.net": {
      "afkTime": -1,
      "afkReason": "",
      "limit": 60
    },
    "6281232095389@s.whatsapp.net": {
      "afkTime": -1,
      "afkReason": "",
      "limit": 60
    },
    "6289697679601@s.whatsapp.net": {
      "afkTime": -1,
      "afkReason": "",
      "limit": 60
    },
    "6288290528650@s.whatsapp.net": {
      "afkTime": -1,
      "afkReason": "",
      "limit": 60
    },
    "6282311168972@s.whatsapp.net": {
      "afkTime": -1,
      "afkReason": "",
      "limit": 60
    },
    "62882020208635@s.whatsapp.net": {
      "afkTime": -1,
      "afkReason": "",
      "limit": 60
    },
    "6281336498117@s.whatsapp.net": {
      "afkTime": -1,
      "afkReason": "",
      "limit": 60
    },
    "6285648867985@s.whatsapp.net": {
      "afkTime": -1,
      "afkReason": "",
      "limit": 60
    },
    "6285609280895@s.whatsapp.net": {
      "afkTime": -1,
      "afkReason": "",
      "limit": 60
    },
    "6285762288022@s.whatsapp.net": {
      "afkTime": -1,
      "afkReason": "",
      "limit": 60
    },
    "6285732359538@s.whatsapp.net": {
      "afkTime": -1,
      "afkReason": "",
      "limit": 60
    },
    "6281222543643@s.whatsapp.net": {
      "afkTime": -1,
      "afkReason": "",
      "limit": 60
    },
    "6282136972541@s.whatsapp.net": {
      "afkTime": -1,
      "afkReason": "",
      "limit": 60
    },
    "6288983805194@s.whatsapp.net": {
      "afkTime": -1,
      "afkReason": "",
      "limit": 60
    },
    "6285175020091@s.whatsapp.net": {
      "afkTime": -1,
      "afkReason": "",
      "limit": 60
    },
    "6283140991197@s.whatsapp.net": {
      "afkTime": -1,
      "afkReason": "",
      "limit": 60
    },
    "62895417876778@s.whatsapp.net": {
      "afkTime": 1712235449704,
      "afkReason": "",
      "limit": 60
    },
    "6289526846670@s.whatsapp.net": {
      "afkTime": -1,
      "afkReason": "",
      "limit": 60
    },
    "601127684974@s.whatsapp.net": {
      "afkTime": -1,
      "afkReason": "",
      "limit": 60
    },
    "6282226542313@s.whatsapp.net": {
      "afkTime": -1,
      "afkReason": "",
      "limit": 60
    },
    "62895622134006@s.whatsapp.net": {
      "afkTime": -1,
      "afkReason": "",
      "limit": 60
    },
    "6283830037892@s.whatsapp.net": {
      "afkTime": -1,
      "afkReason": "",
      "limit": 60
    },
    "6285336804482@s.whatsapp.net": {
      "afkTime": -1,
      "afkReason": "",
      "limit": 60
    },
    "6283879480479@s.whatsapp.net": {
      "afkTime": -1,
      "afkReason": "",
      "limit": 60
    },
    "6283843756777@s.whatsapp.net": {
      "afkTime": -1,
      "afkReason": "",
      "limit": 60
    },
    "6283819975092@s.whatsapp.net": {
      "afkTime": -1,
      "afkReason": "",
      "limit": 60
    },
    "6283133556482@s.whatsapp.net": {
      "afkTime": -1,
      "afkReason": "",
      "limit": 60
    },
    "6283863116560@s.whatsapp.net": {
      "afkTime": -1,
      "afkReason": "",
      "limit": 60
    },
    "6283833423472@s.whatsapp.net": {
      "afkTime": -1,
      "afkReason": "",
      "limit": 60
    },
    "62895340290728@s.whatsapp.net": {
      "afkTime": -1,
      "afkReason": "",
      "limit": 60
    },
    "6283894884371@s.whatsapp.net": {
      "afkTime": -1,
      "afkReason": "",
      "limit": 60
    },
    "6283841102897@s.whatsapp.net": {
      "afkTime": -1,
      "afkReason": "",
      "limit": 60
    },
    "6283173759389@s.whatsapp.net": {
      "afkTime": -1,
      "afkReason": "",
      "limit": 60
    },
    "62895603056555@s.whatsapp.net": {
      "afkTime": -1,
      "afkReason": "",
      "limit": 60
    },
    "6281335923806@s.whatsapp.net": {
      "afkTime": -1,
      "afkReason": "",
      "limit": 60
    },
    "6283808496798@s.whatsapp.net": {
      "afkTime": -1,
      "afkReason": "",
      "limit": 60
    },
    "6281243806647@s.whatsapp.net": {
      "afkTime": -1,
      "afkReason": "",
      "limit": 60
    },
    "62895346339500@s.whatsapp.net": {
      "afkTime": -1,
      "afkReason": "",
      "limit": 60
    },
    "6288708389527@s.whatsapp.net": {
      "afkTime": -1,
      "afkReason": "",
      "limit": 60
    },
    "6282288105509@s.whatsapp.net": {
      "afkTime": -1,
      "afkReason": "",
      "limit": 60
    },
    "6289636410005@s.whatsapp.net": {
      "afkTime": -1,
      "afkReason": "",
      "limit": 60
    },
    "628978538657@s.whatsapp.net": {
      "afkTime": -1,
      "afkReason": "",
      "limit": 60
    },
    "6283157151148@s.whatsapp.net": {
      "afkTime": -1,
      "afkReason": "",
      "limit": 60
    },
    "6289504583159@s.whatsapp.net": {
      "afkTime": -1,
      "afkReason": "",
      "limit": 60
    },
    "6283873540367@s.whatsapp.net": {
      "afkTime": -1,
      "afkReason": "",
      "limit": 60
    },
    "6285371168159@s.whatsapp.net": {
      "afkTime": -1,
      "afkReason": "",
      "limit": 60
    },
    "17074032476@s.whatsapp.net": {
      "afkTime": -1,
      "afkReason": "",
      "limit": 60
    },
    "6282391741449@s.whatsapp.net": {
      "afkTime": -1,
      "afkReason": "",
      "limit": 60
    },
    "628978110247@s.whatsapp.net": {
      "afkTime": -1,
      "afkReason": "",
      "limit": 60
    },
    "6283132470885@s.whatsapp.net": {
      "afkTime": -1,
      "afkReason": "",
      "limit": 60
    },
    "6285657418592@s.whatsapp.net": {
      "afkTime": -1,
      "afkReason": "",
      "limit": 60
    },
    "6289668912300@s.whatsapp.net": {
      "afkTime": -1,
      "afkReason": "",
      "limit": 60
    },
    "6283862750023@s.whatsapp.net": {
      "afkTime": -1,
      "afkReason": "",
      "limit": 60
    },
    "6283191277915@s.whatsapp.net": {
      "afkTime": -1,
      "afkReason": "",
      "limit": 60
    },
    "6281230932049@s.whatsapp.net": {
      "afkTime": -1,
      "afkReason": "",
      "limit": 60
    },
    "6282246033940@s.whatsapp.net": {
      "afkTime": -1,
      "afkReason": "",
      "limit": 60
    },
    "628567809610@s.whatsapp.net": {
      "afkTime": -1,
      "afkReason": "",
      "limit": 60
    },
    "6282291311004@s.whatsapp.net": {
      "afkTime": -1,
      "afkReason": "",
      "limit": 60
    },
    "628991554058@s.whatsapp.net": {
      "afkTime": -1,
      "afkReason": "",
      "limit": 60
    },
    "6285968113443@s.whatsapp.net": {
      "afkTime": -1,
      "afkReason": "",
      "limit": 60
    },
    "6281376277061@s.whatsapp.net": {
      "afkTime": -1,
      "afkReason": "",
      "limit": 60
    },
    "6288216719500@s.whatsapp.net": {
      "afkTime": -1,
      "afkReason": "",
      "limit": 60
    },
    "6282124738430@s.whatsapp.net": {
      "afkTime": -1,
      "afkReason": "",
      "limit": 60
    },
    "601123587216@s.whatsapp.net": {
      "afkTime": -1,
      "afkReason": "",
      "limit": 60
    },
    "62882022322883@s.whatsapp.net": {
      "afkTime": -1,
      "afkReason": "",
      "limit": 60
    },
    "6283871902755@s.whatsapp.net": {
      "afkTime": -1,
      "afkReason": "",
      "limit": 60
    },
    "6283845267424@s.whatsapp.net": {
      "afkTime": -1,
      "afkReason": "",
      "limit": 60
    },
    "6285624664996@s.whatsapp.net": {
      "afkTime": -1,
      "afkReason": "",
      "limit": 60
    },
    "60193269401@s.whatsapp.net": {
      "afkTime": -1,
      "afkReason": "",
      "limit": 60
    },
    "6287815132495@s.whatsapp.net": {
      "afkTime": -1,
      "afkReason": "",
      "limit": 60
    },
    "6283854993859@s.whatsapp.net": {
      "afkTime": -1,
      "afkReason": "",
      "limit": 60
    },
    "6289610152525@s.whatsapp.net": {
      "afkTime": -1,
      "afkReason": "",
      "limit": 60
    },
    "6285718013150@s.whatsapp.net": {
      "afkTime": -1,
      "afkReason": "",
      "limit": 60
    },
    "6283114756460@s.whatsapp.net": {
      "afkTime": -1,
      "afkReason": "",
      "limit": 60
    },
    "6282195283665@s.whatsapp.net": {
      "afkTime": -1,
      "afkReason": "",
      "limit": 60
    },
    "6281264729959@s.whatsapp.net": {
      "afkTime": -1,
      "afkReason": "",
      "limit": 60
    },
    "6281548408292@s.whatsapp.net": {
      "afkTime": -1,
      "afkReason": "",
      "limit": 60
    },
    "6281284440304@s.whatsapp.net": {
      "afkTime": -1,
      "afkReason": "",
      "limit": 60
    },
    "6281913763791@s.whatsapp.net": {
      "afkTime": -1,
      "afkReason": "",
      "limit": 60
    },
    "6283181012410@s.whatsapp.net": {
      "afkTime": -1,
      "afkReason": "",
      "limit": 60
    },
    "6281363766083@s.whatsapp.net": {
      "afkTime": -1,
      "afkReason": "",
      "limit": 60
    },
    "6283876308007@s.whatsapp.net": {
      "afkTime": -1,
      "afkReason": "",
      "limit": 60
    },
    "6285933831488@s.whatsapp.net": {
      "afkTime": -1,
      "afkReason": "",
      "limit": 60
    },
    "6283823105804@s.whatsapp.net": {
      "afkTime": -1,
      "afkReason": "",
      "limit": 60
    },
    "6285704910191@s.whatsapp.net": {
      "afkTime": -1,
      "afkReason": "",
      "limit": 60
    },
    "6285954091605@s.whatsapp.net": {
      "afkTime": -1,
      "afkReason": "",
      "limit": 60
    },
    "6281522779508@s.whatsapp.net": {
      "afkTime": -1,
      "afkReason": "",
      "limit": 60
    },
    "6287752654662@s.whatsapp.net": {
      "afkTime": -1,
      "afkReason": "",
      "limit": 60
    },
    "6282231213530@s.whatsapp.net": {
      "afkTime": -1,
      "afkReason": "",
      "limit": 60
    },
    "6281226132010@s.whatsapp.net": {
      "afkTime": -1,
      "afkReason": "",
      "limit": 60
    },
    "6283833953647@s.whatsapp.net": {
      "afkTime": -1,
      "afkReason": "",
      "limit": 60
    },
    "6281374376298@s.whatsapp.net": {
      "afkTime": -1,
      "afkReason": "",
      "limit": 60
    },
    "6285142983213@s.whatsapp.net": {
      "afkTime": -1,
      "afkReason": "",
      "limit": 60
    },
    "6285891260533@s.whatsapp.net": {
      "afkTime": -1,
      "afkReason": "",
      "limit": 60
    },
    "6282186054981@s.whatsapp.net": {
      "afkTime": -1,
      "afkReason": "",
      "limit": 60
    },
    "6283148746895@s.whatsapp.net": {
      "afkTime": -1,
      "afkReason": "",
      "limit": 60
    },
    "6285752769542@s.whatsapp.net": {
      "afkTime": -1,
      "afkReason": "",
      "limit": 60
    },
    "6285964153282@s.whatsapp.net": {
      "afkTime": -1,
      "afkReason": "",
      "limit": 60
    },
    "6282220871137@s.whatsapp.net": {
      "afkTime": -1,
      "afkReason": "",
      "limit": 60
    },
    "62887437562831@s.whatsapp.net": {
      "afkTime": -1,
      "afkReason": "",
      "limit": 60
    },
    "6289524126986@s.whatsapp.net": {
      "afkTime": -1,
      "afkReason": "",
      "limit": 60
    },
    "628812338069@s.whatsapp.net": {
      "afkTime": -1,
      "afkReason": "",
      "limit": 60
    },
    "6281362746743@s.whatsapp.net": {
      "afkTime": -1,
      "afkReason": "",
      "limit": 60
    },
    "6289519839925@s.whatsapp.net": {
      "afkTime": -1,
      "afkReason": "",
      "limit": 60
    },
    "6283877608699@s.whatsapp.net": {
      "afkTime": -1,
      "afkReason": "",
      "limit": 60
    },
    "6283141217914@s.whatsapp.net": {
      "afkTime": -1,
      "afkReason": "",
      "limit": 60
    },
    "6281222680402@s.whatsapp.net": {
      "afkTime": -1,
      "afkReason": "",
      "limit": 60
    },
    "6283861863602@s.whatsapp.net": {
      "afkTime": -1,
      "afkReason": "",
      "limit": 60
    },
    "6285298760872@s.whatsapp.net": {
      "afkTime": -1,
      "afkReason": "",
      "limit": 60
    },
    "6285875071876@s.whatsapp.net": {
      "afkTime": -1,
      "afkReason": "",
      "limit": 60
    },
    "923203609112@s.whatsapp.net": {
      "afkTime": -1,
      "afkReason": "",
      "limit": 60
    },
    "6282325733511@s.whatsapp.net": {
      "afkTime": -1,
      "afkReason": "",
      "limit": 60
    },
    "6283899652519@s.whatsapp.net": {
      "afkTime": -1,
      "afkReason": "",
      "limit": 60
    },
    "6281389754750@s.whatsapp.net": {
      "afkTime": -1,
      "afkReason": "",
      "limit": 60
    },
    "6281346319835@s.whatsapp.net": {
      "afkTime": -1,
      "afkReason": "",
      "limit": 60
    },
    "6288279779584@s.whatsapp.net": {
      "afkTime": -1,
      "afkReason": "",
      "limit": 60
    },
    "6289636325660@s.whatsapp.net": {
      "afkTime": -1,
      "afkReason": "",
      "limit": 60
    },
    "6285692372694@s.whatsapp.net": {
      "afkTime": -1,
      "afkReason": "",
      "limit": 60
    },
    "6282164383792@s.whatsapp.net": {
      "afkTime": -1,
      "afkReason": "",
      "limit": 60
    },
    "6288808605350@s.whatsapp.net": {
      "afkTime": -1,
      "afkReason": "",
      "limit": 60
    },
    "6285601130335@s.whatsapp.net": {
      "afkTime": -1,
      "afkReason": "",
      "limit": 60
    },
    "6282194136290@s.whatsapp.net": {
      "afkTime": -1,
      "afkReason": "",
      "limit": 60
    },
    "6288994342173@s.whatsapp.net": {
      "afkTime": -1,
      "afkReason": "",
      "limit": 60
    },
    "6285526255523@s.whatsapp.net": {
      "afkTime": -1,
      "afkReason": "",
      "limit": 60
    },
    "6285697603836@s.whatsapp.net": {
      "afkTime": -1,
      "afkReason": "",
      "limit": 60
    },
    "6285171005656@s.whatsapp.net": {
      "afkTime": -1,
      "afkReason": "",
      "limit": 60
    },
    "6282245391580@s.whatsapp.net": {
      "afkTime": -1,
      "afkReason": "",
      "limit": 60
    },
    "6285782086540@s.whatsapp.net": {
      "afkTime": -1,
      "afkReason": "",
      "limit": 60
    },
    "62895384323857@s.whatsapp.net": {
      "afkTime": -1,
      "afkReason": "",
      "limit": 60
    },
    "6281805581614@s.whatsapp.net": {
      "afkTime": -1,
      "afkReason": "",
      "limit": 60
    },
    "6289669029237@s.whatsapp.net": {
      "afkTime": -1,
      "afkReason": "",
      "limit": 60
    },
    "6283830236096@s.whatsapp.net": {
      "afkTime": -1,
      "afkReason": "",
      "limit": 60
    },
    "6285971606377@s.whatsapp.net": {
      "afkTime": -1,
      "afkReason": "",
      "limit": 60
    },
    "6289526859276@s.whatsapp.net": {
      "afkTime": -1,
      "afkReason": "",
      "limit": 60
    },
    "6289522883382@s.whatsapp.net": {
      "afkTime": -1,
      "afkReason": "",
      "limit": 60
    },
    "6285771863728@s.whatsapp.net": {
      "afkTime": -1,
      "afkReason": "",
      "limit": 60
    },
    "6283841432158@s.whatsapp.net": {
      "afkTime": -1,
      "afkReason": "",
      "limit": 60
    },
    "6289507637839@s.whatsapp.net": {
      "afkTime": -1,
      "afkReason": "",
      "limit": 60
    },
    "6289525713719@s.whatsapp.net": {
      "afkTime": -1,
      "afkReason": "",
      "limit": 60
    },
    "6285216199337@s.whatsapp.net": {
      "afkTime": -1,
      "afkReason": "",
      "limit": 60
    },
    "6289637584782@s.whatsapp.net": {
      "afkTime": -1,
      "afkReason": "",
      "limit": 60
    },
    "6282180732959@s.whatsapp.net": {
      "afkTime": -1,
      "afkReason": "",
      "limit": 60
    },
    "6281378249735@s.whatsapp.net": {
      "afkTime": -1,
      "afkReason": "",
      "limit": 60
    },
    "6283848617835@s.whatsapp.net": {
      "afkTime": -1,
      "afkReason": "",
      "limit": 60
    },
    "628882278257@s.whatsapp.net": {
      "afkTime": -1,
      "afkReason": "",
      "limit": 60
    },
    "6285941908099@s.whatsapp.net": {
      "afkTime": -1,
      "afkReason": "",
      "limit": 60
    },
    "6287779858806@s.whatsapp.net": {
      "afkTime": -1,
      "afkReason": "",
      "limit": 60
    },
    "6289514746614@s.whatsapp.net": {
      "afkTime": -1,
      "afkReason": "",
      "limit": 60
    },
    "6289530185097@s.whatsapp.net": {
      "afkTime": -1,
      "afkReason": "",
      "limit": 60
    },
    "6282118974042@s.whatsapp.net": {
      "afkTime": -1,
      "afkReason": "",
      "limit": 60
    },
    "6289515915218@s.whatsapp.net": {
      "afkTime": -1,
      "afkReason": "",
      "limit": 60
    },
    "6289685875729@s.whatsapp.net": {
      "afkTime": -1,
      "afkReason": "",
      "limit": 60
    },
    "6282142821296@s.whatsapp.net": {
      "afkTime": -1,
      "afkReason": "",
      "limit": 60
    },
    "6287817369706@s.whatsapp.net": {
      "afkTime": -1,
      "afkReason": "",
      "limit": 60
    },
    "6289613626050@s.whatsapp.net": {
      "afkTime": -1,
      "afkReason": "",
      "limit": 60
    },
    "6281252120938@s.whatsapp.net": {
      "afkTime": -1,
      "afkReason": "",
      "limit": 60
    },
    "62895617647492@s.whatsapp.net": {
      "afkTime": -1,
      "afkReason": "",
      "limit": 60
    },
    "6283830407913@s.whatsapp.net": {
      "afkTime": -1,
      "afkReason": "",
      "limit": 60
    },
    "62857800873812@s.whatsapp.net": {
      "afkTime": -1,
      "afkReason": "",
      "limit": 60
    },
    "628978312852@s.whatsapp.net": {
      "afkTime": -1,
      "afkReason": "",
      "limit": 60
    },
    "6281314839552@s.whatsapp.net": {
      "afkTime": -1,
      "afkReason": "",
      "limit": 60
    },
    "6285867620148@s.whatsapp.net": {
      "afkTime": -1,
      "afkReason": "",
      "limit": 60
    },
    "6282341514467@s.whatsapp.net": {
      "afkTime": -1,
      "afkReason": "",
      "limit": 60
    },
    "6285904455375@s.whatsapp.net": {
      "afkTime": -1,
      "afkReason": "",
      "limit": 60
    },
    "628112720078@s.whatsapp.net": {
      "afkTime": -1,
      "afkReason": "",
      "limit": 60
    },
    "62895352477717@s.whatsapp.net": {
      "afkTime": -1,
      "afkReason": "",
      "limit": 60
    },
    "6285815184157@s.whatsapp.net": {
      "afkTime": -1,
      "afkReason": "",
      "limit": 60
    },
    "6285175268147@s.whatsapp.net": {
      "afkTime": -1,
      "afkReason": "",
      "limit": 60
    },
    "6282391017824@s.whatsapp.net": {
      "afkTime": -1,
      "afkReason": "",
      "limit": 60
    },
    "62895342449074@s.whatsapp.net": {
      "afkTime": -1,
      "afkReason": "",
      "limit": 60
    },
    "6282213060501@s.whatsapp.net": {
      "afkTime": -1,
      "afkReason": "",
      "limit": 60
    },
    "601125802673@s.whatsapp.net": {
      "afkTime": -1,
      "afkReason": "",
      "limit": 60
    },
    "62895386184477@s.whatsapp.net": {
      "afkTime": -1,
      "afkReason": "",
      "limit": 60
    },
    "6285845674505@s.whatsapp.net": {
      "afkTime": -1,
      "afkReason": "",
      "limit": 60
    },
    "6285880645348@s.whatsapp.net": {
      "afkTime": -1,
      "afkReason": "",
      "limit": 60
    },
    "6285779314870@s.whatsapp.net": {
      "afkTime": -1,
      "afkReason": "",
      "limit": 60
    },
    "6287819368631@s.whatsapp.net": {
      "afkTime": -1,
      "afkReason": "",
      "limit": 60
    },
    "6285640428029@s.whatsapp.net": {
      "afkTime": -1,
      "afkReason": "",
      "limit": 60
    },
    "6285870430749@s.whatsapp.net": {
      "afkTime": -1,
      "afkReason": "",
      "limit": 60
    },
    "6282147568990@s.whatsapp.net": {
      "afkTime": -1,
      "afkReason": "",
      "limit": 60
    },
    "6282183423085@s.whatsapp.net": {
      "afkTime": -1,
      "afkReason": "",
      "limit": 60
    },
    "628566234885@s.whatsapp.net": {
      "afkTime": -1,
      "afkReason": "",
      "limit": 60
    },
    "6285210208807@s.whatsapp.net": {
      "afkTime": -1,
      "afkReason": "",
      "limit": 60
    },
    "6285824951172@s.whatsapp.net": {
      "afkTime": -1,
      "afkReason": "",
      "limit": 60
    },
    "6283825561527@s.whatsapp.net": {
      "afkTime": -1,
      "afkReason": "",
      "limit": 60
    },
    "62895396000207@s.whatsapp.net": {
      "afkTime": -1,
      "afkReason": "",
      "limit": 60
    },
    "6282211427083@s.whatsapp.net": {
      "afkTime": -1,
      "afkReason": "",
      "limit": 60
    },
    "6281362735484@s.whatsapp.net": {
      "afkTime": -1,
      "afkReason": "",
      "limit": 60
    },
    "6283842982571@s.whatsapp.net": {
      "afkTime": -1,
      "afkReason": "",
      "limit": 60
    },
    "6288222097840@s.whatsapp.net": {
      "afkTime": -1,
      "afkReason": "",
      "limit": 60
    },
    "6281355526347@s.whatsapp.net": {
      "afkTime": -1,
      "afkReason": "",
      "limit": 60
    },
    "6282193651863@s.whatsapp.net": {
      "afkTime": -1,
      "afkReason": "",
      "limit": 60
    },
    "6289691386122@s.whatsapp.net": {
      "afkTime": -1,
      "afkReason": "",
      "limit": 60
    },
    "60197197457@s.whatsapp.net": {
      "afkTime": -1,
      "afkReason": "",
      "limit": 60
    },
    "628888670405@s.whatsapp.net": {
      "afkTime": -1,
      "afkReason": "",
      "limit": 60
    },
    "6287897762631@s.whatsapp.net": {
      "afkTime": -1,
      "afkReason": "",
      "limit": 60
    },
    "6285961596141@s.whatsapp.net": {
      "afkTime": -1,
      "afkReason": "",
      "limit": 60
    },
    "62895614920393@s.whatsapp.net": {
      "afkTime": -1,
      "afkReason": "",
      "limit": 60
    },
    "62895385063975@s.whatsapp.net": {
      "afkTime": -1,
      "afkReason": "",
      "limit": 60
    },
    "6285863508929@s.whatsapp.net": {
      "afkTime": -1,
      "afkReason": "",
      "limit": 60
    },
    "6285939919521@s.whatsapp.net": {
      "afkTime": -1,
      "afkReason": "",
      "limit": 60
    },
    "60103937672@s.whatsapp.net": {
      "afkTime": -1,
      "afkReason": "",
      "limit": 60
    },
    "6283805549619@s.whatsapp.net": {
      "afkTime": -1,
      "afkReason": "",
      "limit": 60
    },
    "6285694891232@s.whatsapp.net": {
      "afkTime": -1,
      "afkReason": "",
      "limit": 60
    },
    "6285713910078@s.whatsapp.net": {
      "afkTime": -1,
      "afkReason": "",
      "limit": 60
    },
    "60107024006@s.whatsapp.net": {
      "afkTime": -1,
      "afkReason": "",
      "limit": 60
    },
    "601139214002@s.whatsapp.net": {
      "afkTime": -1,
      "afkReason": "",
      "limit": 60
    },
    "6283129287622@s.whatsapp.net": {
      "afkTime": -1,
      "afkReason": "",
      "limit": 60
    },
    "6285842625487@s.whatsapp.net": {
      "afkTime": -1,
      "afkReason": "",
      "limit": 60
    },
    "6281233915584@s.whatsapp.net": {
      "afkTime": -1,
      "afkReason": "",
      "limit": 60
    },
    "6281237245287@s.whatsapp.net": {
      "afkTime": -1,
      "afkReason": "",
      "limit": 60
    },
    "6285719136214@s.whatsapp.net": {
      "afkTime": -1,
      "afkReason": "",
      "limit": 60
    },
    "6283153233347@s.whatsapp.net": {
      "afkTime": -1,
      "afkReason": "",
      "limit": 60
    },
    "62895336854370@s.whatsapp.net": {
      "afkTime": -1,
      "afkReason": "",
      "limit": 60
    },
    "6281366210599@s.whatsapp.net": {
      "afkTime": -1,
      "afkReason": "",
      "limit": 60
    },
    "6285860594238@s.whatsapp.net": {
      "afkTime": -1,
      "afkReason": "",
      "limit": 60
    },
    "6289530056905@s.whatsapp.net": {
      "afkTime": -1,
      "afkReason": "",
      "limit": 60
    },
    "62895329742891@s.whatsapp.net": {
      "afkTime": -1,
      "afkReason": "",
      "limit": 60
    },
    "6288704603600@s.whatsapp.net": {
      "afkTime": -1,
      "afkReason": "",
      "limit": 60
    },
    "6282163780728@s.whatsapp.net": {
      "afkTime": -1,
      "afkReason": "",
      "limit": 60
    },
    "6289515481143@s.whatsapp.net": {
      "afkTime": -1,
      "afkReason": "",
      "limit": 60
    },
    "6281556733335@s.whatsapp.net": {
      "afkTime": -1,
      "afkReason": "",
      "limit": 60
    },
    "6281245435010@s.whatsapp.net": {
      "afkTime": -1,
      "afkReason": "",
      "limit": 60
    },
    "62895360770884@s.whatsapp.net": {
      "afkTime": -1,
      "afkReason": "",
      "limit": 60
    },
    "6281523764773@s.whatsapp.net": {
      "afkTime": -1,
      "afkReason": "",
      "limit": 60
    },
    "628979353312@s.whatsapp.net": {
      "afkTime": -1,
      "afkReason": "",
      "limit": 60
    },
    "6282126036355@s.whatsapp.net": {
      "afkTime": -1,
      "afkReason": "",
      "limit": 60
    },
    "6281806531816@s.whatsapp.net": {
      "afkTime": -1,
      "afkReason": "",
      "limit": 60
    },
    "6285870848092@s.whatsapp.net": {
      "afkTime": -1,
      "afkReason": "",
      "limit": 60
    },
    "6289503382127@s.whatsapp.net": {
      "afkTime": -1,
      "afkReason": "",
      "limit": 60
    },
    "62895339283844@s.whatsapp.net": {
      "afkTime": -1,
      "afkReason": "",
      "limit": 60
    },
    "6281384445201@s.whatsapp.net": {
      "afkTime": -1,
      "afkReason": "",
      "limit": 60
    },
    "5512996852006@s.whatsapp.net": {
      "afkTime": -1,
      "afkReason": "",
      "limit": 60
    },
    "62856027716493@s.whatsapp.net": {
      "afkTime": -1,
      "afkReason": "",
      "limit": 60
    },
    "6283861235656@s.whatsapp.net": {
      "afkTime": -1,
      "afkReason": "",
      "limit": 60
    },
    "6289519346944@s.whatsapp.net": {
      "afkTime": -1,
      "afkReason": "",
      "limit": 60
    },
    "6285891339855@s.whatsapp.net": {
      "afkTime": -1,
      "afkReason": "",
      "limit": 60
    },
    "6281328215813@s.whatsapp.net": {
      "afkTime": -1,
      "afkReason": "",
      "limit": 60
    },
    "6283160987270@s.whatsapp.net": {
      "afkTime": -1,
      "afkReason": "",
      "limit": 60
    },
    "6283156796338@s.whatsapp.net": {
      "afkTime": -1,
      "afkReason": "",
      "limit": 60
    },
    "6282281888036@s.whatsapp.net": {
      "afkTime": -1,
      "afkReason": "",
      "limit": 60
    },
    "62895414760755@s.whatsapp.net": {
      "afkTime": -1,
      "afkReason": "",
      "limit": 60
    },
    "6285771079538@s.whatsapp.net": {
      "afkTime": -1,
      "afkReason": "",
      "limit": 60
    },
    "6287728639779@s.whatsapp.net": {
      "afkTime": -1,
      "afkReason": "",
      "limit": 60
    },
    "6285161328053@s.whatsapp.net": {
      "afkTime": -1,
      "afkReason": "",
      "limit": 60
    },
    "62895340034706@s.whatsapp.net": {
      "afkTime": -1,
      "afkReason": "",
      "limit": 60
    },
    "601151864610@s.whatsapp.net": {
      "afkTime": -1,
      "afkReason": "",
      "limit": 60
    },
    "6283146094251@s.whatsapp.net": {
      "afkTime": -1,
      "afkReason": "",
      "limit": 60
    },
    "6281280125151@s.whatsapp.net": {
      "afkTime": -1,
      "afkReason": "",
      "limit": 60
    },
    "6285839804370@s.whatsapp.net": {
      "afkTime": -1,
      "afkReason": "",
      "limit": 60
    },
    "628996663084@s.whatsapp.net": {
      "afkTime": -1,
      "afkReason": "",
      "limit": 60
    },
    "6283157176049@s.whatsapp.net": {
      "afkTime": -1,
      "afkReason": "",
      "limit": 60
    },
    "6285225459346@s.whatsapp.net": {
      "afkTime": -1,
      "afkReason": "",
      "limit": 60
    },
    "6281318788604@s.whatsapp.net": {
      "afkTime": -1,
      "afkReason": "",
      "limit": 60
    },
    "6285758973619@s.whatsapp.net": {
      "afkTime": -1,
      "afkReason": "",
      "limit": 60
    },
    "6283105862486@s.whatsapp.net": {
      "afkTime": -1,
      "afkReason": "",
      "limit": 60
    },
    "6289662196821@s.whatsapp.net": {
      "afkTime": -1,
      "afkReason": "",
      "limit": 60
    },
    "6283876034144@s.whatsapp.net": {
      "afkTime": -1,
      "afkReason": "",
      "limit": 60
    },
    "6281239454128@s.whatsapp.net": {
      "afkTime": -1,
      "afkReason": "",
      "limit": 60
    },
    "6285664763219@s.whatsapp.net": {
      "afkTime": -1,
      "afkReason": "",
      "limit": 60
    },
    "6282188656255@s.whatsapp.net": {
      "afkTime": -1,
      "afkReason": "",
      "limit": 60
    },
    "6281572035794@s.whatsapp.net": {
      "afkTime": -1,
      "afkReason": "",
      "limit": 60
    },
    "6281263576895@s.whatsapp.net": {
      "afkTime": -1,
      "afkReason": "",
      "limit": 60
    },
    "6283840185210@s.whatsapp.net": {
      "afkTime": -1,
      "afkReason": "",
      "limit": 60
    },
    "6285896606579@s.whatsapp.net": {
      "afkTime": -1,
      "afkReason": "",
      "limit": 60
    },
    "6289675485050@s.whatsapp.net": {
      "afkTime": -1,
      "afkReason": "",
      "limit": 60
    },
    "6285669660948@s.whatsapp.net": {
      "afkTime": -1,
      "afkReason": "",
      "limit": 60
    },
    "6283874463234@s.whatsapp.net": {
      "afkTime": -1,
      "afkReason": "",
      "limit": 60
    }
  },
  "chats": {
    "62895328005151@s.whatsapp.net": {
      "mute": false,
      "wlcm": true,
      "antilink": false,
      "antilinkyt": false,
      "antilinktt": false,
      "antivirtex": true,
      "antipanel": false,
      "antilinkv2": false
    },
    "62895325344177@s.whatsapp.net": {
      "mute": false,
      "wlcm": true,
      "antilink": false,
      "antilinkyt": false,
      "antilinktt": false,
      "antivirtex": true,
      "antipanel": false,
      "antilinkv2": false
    },
    "6289501427163@s.whatsapp.net": {
      "mute": false,
      "wlcm": true,
      "antilink": false,
      "antilinkyt": false,
      "antilinktt": false,
      "antivirtex": true,
      "antipanel": false,
      "antilinkv2": false
    },
    "120363178839958201@g.us": {
      "mute": false,
      "wlcm": true,
      "antilink": false,
      "antilinkyt": false,
      "antilinktt": false,
      "antivirtex": true,
      "antipanel": false,
      "antilinkv2": false
    },
    "6285246154386@s.whatsapp.net": {
      "mute": false,
      "wlcm": true,
      "antilink": false,
      "antilinkyt": false,
      "antilinktt": false,
      "antivirtex": true,
      "antipanel": false,
      "antilinkv2": false
    },
    "6288985102947@s.whatsapp.net": {
      "mute": false,
      "wlcm": true,
      "antilink": false,
      "antilinkyt": false,
      "antilinktt": false,
      "antivirtex": true,
      "antipanel": false,
      "antilinkv2": false
    },
    "120363198316831473@g.us": {
      "mute": false,
      "wlcm": true,
      "antilink": false,
      "antilinkyt": false,
      "antilinktt": false,
      "antivirtex": true,
      "antipanel": false,
      "antilinkv2": false
    },
    "120363179082036536@g.us": {
      "mute": false,
      "wlcm": true,
      "antilink": false,
      "antilinkyt": false,
      "antilinktt": false,
      "antivirtex": true,
      "antipanel": false,
      "antilinkv2": false
    },
    "6289501427163-1563167968@g.us": {
      "mute": false,
      "wlcm": true,
      "antilink": false,
      "antilinkyt": false,
      "antilinktt": false,
      "antivirtex": true,
      "antipanel": false,
      "antilinkv2": false
    },
    "62895380406206-1552371771@g.us": {
      "mute": false,
      "wlcm": true,
      "antilink": true,
      "antilinkyt": false,
      "antilinktt": false,
      "antivirtex": true,
      "antipanel": false,
      "antilinkv2": false
    },
    "6285176973730@s.whatsapp.net": {
      "mute": false,
      "wlcm": true,
      "antilink": false,
      "antilinkyt": false,
      "antilinktt": false,
      "antivirtex": true,
      "antipanel": false,
      "antilinkv2": false
    },
    "6281257172080@s.whatsapp.net": {
      "mute": false,
      "wlcm": true,
      "antilink": false,
      "antilinkyt": false,
      "antilinktt": false,
      "antivirtex": true,
      "antipanel": false,
      "antilinkv2": false
    },
    "6281999855284@s.whatsapp.net": {
      "mute": false,
      "wlcm": true,
      "antilink": false,
      "antilinkyt": false,
      "antilinktt": false,
      "antivirtex": true,
      "antipanel": false,
      "antilinkv2": false
    },
    "6281998033550-1560977157@g.us": {
      "mute": false,
      "wlcm": true,
      "antilink": false,
      "antilinkyt": false,
      "antilinktt": false,
      "antivirtex": true,
      "antipanel": false,
      "antilinkv2": false,
      "antilinkv3": true
    },
    "6281325453617@s.whatsapp.net": {
      "mute": false,
      "wlcm": true,
      "antilink": false,
      "antilinkyt": false,
      "antilinktt": false,
      "antivirtex": true,
      "antipanel": false,
      "antilinkv2": false
    },
    "120363201315887794@g.us": {
      "mute": false,
      "wlcm": true,
      "antilink": false,
      "antilinkyt": false,
      "antilinktt": false,
      "antivirtex": true,
      "antipanel": false,
      "antilinkv2": false
    },
    "6281296696340@s.whatsapp.net": {
      "mute": false,
      "wlcm": true,
      "antilink": false,
      "antilinkyt": false,
      "antilinktt": false,
      "antivirtex": true,
      "antipanel": false,
      "antilinkv2": false
    },
    "120363206426101969@g.us": {
      "mute": false,
      "wlcm": true,
      "antilink": false,
      "antilinkyt": false,
      "antilinktt": false,
      "antivirtex": true,
      "antipanel": false,
      "antilinkv2": false
    },
    "120363186596837311@g.us": {
      "mute": false,
      "wlcm": true,
      "antilink": false,
      "antilinkyt": false,
      "antilinktt": false,
      "antivirtex": true,
      "antipanel": false,
      "antilinkv2": false
    },
    "120363185448889980@g.us": {
      "mute": false,
      "wlcm": true,
      "antilink": false,
      "antilinkyt": false,
      "antilinktt": false,
      "antivirtex": true,
      "antipanel": false,
      "antilinkv2": false
    },
    "120363202014652340@g.us": {
      "mute": false,
      "wlcm": true,
      "antilink": false,
      "antilinkyt": false,
      "antilinktt": false,
      "antivirtex": true,
      "antipanel": false,
      "antilinkv2": false
    },
    "120363184873577050@g.us": {
      "mute": false,
      "wlcm": true,
      "antilink": false,
      "antilinkyt": false,
      "antilinktt": false,
      "antivirtex": true,
      "antipanel": false,
      "antilinkv2": false
    },
    "120363204635509635@g.us": {
      "mute": false,
      "wlcm": true,
      "antilink": false,
      "antilinkyt": false,
      "antilinktt": false,
      "antivirtex": true,
      "antipanel": false,
      "antilinkv2": false
    },
    "6281386619226@s.whatsapp.net": {
      "mute": false,
      "wlcm": true,
      "antilink": false,
      "antilinkyt": false,
      "antilinktt": false,
      "antivirtex": true,
      "antipanel": false,
      "antilinkv2": false
    },
    "6281219528609@s.whatsapp.net": {
      "mute": false,
      "wlcm": true,
      "antilink": false,
      "antilinkyt": false,
      "antilinktt": false,
      "antivirtex": true,
      "antipanel": false,
      "antilinkv2": false
    },
    "6285732102069@s.whatsapp.net": {
      "mute": false,
      "wlcm": true,
      "antilink": false,
      "antilinkyt": false,
      "antilinktt": false,
      "antivirtex": true,
      "antipanel": false,
      "antilinkv2": false
    },
    "6285100828984@s.whatsapp.net": {
      "mute": false,
      "wlcm": true,
      "antilink": false,
      "antilinkyt": false,
      "antilinktt": false,
      "antivirtex": true,
      "antipanel": false,
      "antilinkv2": false
    },
    "120363190239921081@g.us": {
      "mute": false,
      "wlcm": true,
      "antilink": false,
      "antilinkyt": false,
      "antilinktt": false,
      "antivirtex": true,
      "antipanel": false,
      "antilinkv2": false
    },
    "6281235283254@s.whatsapp.net": {
      "mute": false,
      "wlcm": true,
      "antilink": false,
      "antilinkyt": false,
      "antilinktt": false,
      "antivirtex": true,
      "antipanel": false,
      "antilinkv2": false
    },
    "6283838057050@s.whatsapp.net": {
      "mute": false,
      "wlcm": true,
      "antilink": false,
      "antilinkyt": false,
      "antilinktt": false,
      "antivirtex": true,
      "antipanel": false,
      "antilinkv2": false
    },
    "6281513703920@s.whatsapp.net": {
      "mute": false,
      "wlcm": true,
      "antilink": false,
      "antilinkyt": false,
      "antilinktt": false,
      "antivirtex": true,
      "antipanel": false,
      "antilinkv2": false
    },
    "6285758645229@s.whatsapp.net": {
      "mute": false,
      "wlcm": true,
      "antilink": false,
      "antilinkyt": false,
      "antilinktt": false,
      "antivirtex": true,
      "antipanel": false,
      "antilinkv2": false
    },
    "6289636259738@s.whatsapp.net": {
      "mute": false,
      "wlcm": true,
      "antilink": false,
      "antilinkyt": false,
      "antilinktt": false,
      "antivirtex": true,
      "antipanel": false,
      "antilinkv2": false
    },
    "6288901611905@s.whatsapp.net": {
      "mute": false,
      "wlcm": true,
      "antilink": false,
      "antilinkyt": false,
      "antilinktt": false,
      "antivirtex": true,
      "antipanel": false,
      "antilinkv2": false
    },
    "6288807419898@s.whatsapp.net": {
      "mute": false,
      "wlcm": true,
      "antilink": false,
      "antilinkyt": false,
      "antilinktt": false,
      "antivirtex": true,
      "antipanel": false,
      "antilinkv2": false
    },
    "120363208252994273@g.us": {
      "mute": false,
      "wlcm": true,
      "antilink": false,
      "antilinkyt": false,
      "antilinktt": false,
      "antivirtex": true,
      "antipanel": false,
      "antilinkv2": false
    },
    "6283119714497@s.whatsapp.net": {
      "mute": false,
      "wlcm": true,
      "antilink": false,
      "antilinkyt": false,
      "antilinktt": false,
      "antivirtex": true,
      "antipanel": false,
      "antilinkv2": false
    },
    "6282350947854@s.whatsapp.net": {
      "mute": false,
      "wlcm": true,
      "antilink": false,
      "antilinkyt": false,
      "antilinktt": false,
      "antivirtex": true,
      "antipanel": false,
      "antilinkv2": false
    },
    "6283110887998@s.whatsapp.net": {
      "mute": false,
      "wlcm": true,
      "antilink": false,
      "antilinkyt": false,
      "antilinktt": false,
      "antivirtex": true,
      "antipanel": false,
      "antilinkv2": false
    },
    "6282269029892@s.whatsapp.net": {
      "mute": false,
      "wlcm": true,
      "antilink": false,
      "antilinkyt": false,
      "antilinktt": false,
      "antivirtex": true,
      "antipanel": false,
      "antilinkv2": false
    },
    "6285808717897@s.whatsapp.net": {
      "mute": false,
      "wlcm": true,
      "antilink": false,
      "antilinkyt": false,
      "antilinktt": false,
      "antivirtex": true,
      "antipanel": false,
      "antilinkv2": false
    },
    "6288269077421@s.whatsapp.net": {
      "mute": false,
      "wlcm": true,
      "antilink": false,
      "antilinkyt": false,
      "antilinktt": false,
      "antivirtex": true,
      "antipanel": false,
      "antilinkv2": false
    },
    "6282142115458@s.whatsapp.net": {
      "mute": false,
      "wlcm": true,
      "antilink": false,
      "antilinkyt": false,
      "antilinktt": false,
      "antivirtex": true,
      "antipanel": false,
      "antilinkv2": false
    },
    "62895386824453@s.whatsapp.net": {
      "mute": false,
      "wlcm": true,
      "antilink": false,
      "antilinkyt": false,
      "antilinktt": false,
      "antivirtex": true,
      "antipanel": false,
      "antilinkv2": false
    },
    "6282143815761@s.whatsapp.net": {
      "mute": false,
      "wlcm": true,
      "antilink": false,
      "antilinkyt": false,
      "antilinktt": false,
      "antivirtex": true,
      "antipanel": false,
      "antilinkv2": false
    },
    "62895433466090@s.whatsapp.net": {
      "mute": false,
      "wlcm": true,
      "antilink": false,
      "antilinkyt": false,
      "antilinktt": false,
      "antivirtex": true,
      "antipanel": false,
      "antilinkv2": false
    },
    "6283822090760@s.whatsapp.net": {
      "mute": false,
      "wlcm": true,
      "antilink": false,
      "antilinkyt": false,
      "antilinktt": false,
      "antivirtex": true,
      "antipanel": false,
      "antilinkv2": false
    },
    "6289501427163-1537570509@g.us": {
      "mute": false,
      "wlcm": true,
      "antilink": false,
      "antilinkyt": false,
      "antilinktt": false,
      "antivirtex": true,
      "antipanel": false,
      "antilinkv2": false,
      "antilinkv3": false
    },
    "6281532830580@s.whatsapp.net": {
      "mute": false,
      "wlcm": true,
      "antilink": false,
      "antilinkyt": false,
      "antilinktt": false,
      "antivirtex": true,
      "antipanel": false,
      "antilinkv2": false
    },
    "6281373937592@s.whatsapp.net": {
      "mute": false,
      "wlcm": true,
      "antilink": false,
      "antilinkyt": false,
      "antilinktt": false,
      "antivirtex": true,
      "antipanel": false,
      "antilinkv2": false
    },
    "6285266466278@s.whatsapp.net": {
      "mute": false,
      "wlcm": true,
      "antilink": false,
      "antilinkyt": false,
      "antilinktt": false,
      "antivirtex": true,
      "antipanel": false,
      "antilinkv2": false
    },
    "6285175253096@s.whatsapp.net": {
      "mute": false,
      "wlcm": true,
      "antilink": false,
      "antilinkyt": false,
      "antilinktt": false,
      "antivirtex": true,
      "antipanel": false,
      "antilinkv2": false
    },
    "6287758740023@s.whatsapp.net": {
      "mute": false,
      "wlcm": true,
      "antilink": false,
      "antilinkyt": false,
      "antilinktt": false,
      "antivirtex": true,
      "antipanel": false,
      "antilinkv2": false
    },
    "6285748818035@s.whatsapp.net": {
      "mute": false,
      "wlcm": true,
      "antilink": false,
      "antilinkyt": false,
      "antilinktt": false,
      "antivirtex": true,
      "antipanel": false,
      "antilinkv2": false
    },
    "62882008103845@s.whatsapp.net": {
      "mute": false,
      "wlcm": true,
      "antilink": false,
      "antilinkyt": false,
      "antilinktt": false,
      "antivirtex": true,
      "antipanel": false,
      "antilinkv2": false
    },
    "6288215298055@s.whatsapp.net": {
      "mute": false,
      "wlcm": true,
      "antilink": false,
      "antilinkyt": false,
      "antilinktt": false,
      "antivirtex": true,
      "antipanel": false,
      "antilinkv2": false
    },
    "6283104253936@s.whatsapp.net": {
      "mute": false,
      "wlcm": true,
      "antilink": false,
      "antilinkyt": false,
      "antilinktt": false,
      "antivirtex": true,
      "antipanel": false,
      "antilinkv2": false
    },
    "6281515135960@s.whatsapp.net": {
      "mute": false,
      "wlcm": true,
      "antilink": false,
      "antilinkyt": false,
      "antilinktt": false,
      "antivirtex": true,
      "antipanel": false,
      "antilinkv2": false
    },
    "62895809400308@s.whatsapp.net": {
      "mute": false,
      "wlcm": true,
      "antilink": false,
      "antilinkyt": false,
      "antilinktt": false,
      "antivirtex": true,
      "antipanel": false,
      "antilinkv2": false
    },
    "6289669698104@s.whatsapp.net": {
      "mute": false,
      "wlcm": true,
      "antilink": false,
      "antilinkyt": false,
      "antilinktt": false,
      "antivirtex": true,
      "antipanel": false,
      "antilinkv2": false
    },
    "6285780741990@s.whatsapp.net": {
      "mute": false,
      "wlcm": true,
      "antilink": false,
      "antilinkyt": false,
      "antilinktt": false,
      "antivirtex": true,
      "antipanel": false,
      "antilinkv2": false
    },
    "6283151838844@s.whatsapp.net": {
      "mute": false,
      "wlcm": true,
      "antilink": false,
      "antilinkyt": false,
      "antilinktt": false,
      "antivirtex": true,
      "antipanel": false,
      "antilinkv2": false
    },
    "6285701899215@s.whatsapp.net": {
      "mute": false,
      "wlcm": true,
      "antilink": false,
      "antilinkyt": false,
      "antilinktt": false,
      "antivirtex": true,
      "antipanel": false,
      "antilinkv2": false
    },
    "6283112137118@s.whatsapp.net": {
      "mute": false,
      "wlcm": true,
      "antilink": false,
      "antilinkyt": false,
      "antilinktt": false,
      "antivirtex": true,
      "antipanel": false,
      "antilinkv2": false
    },
    "6283133595150@s.whatsapp.net": {
      "mute": false,
      "wlcm": true,
      "antilink": false,
      "antilinkyt": false,
      "antilinktt": false,
      "antivirtex": true,
      "antipanel": false,
      "antilinkv2": false
    },
    "120363163382139869@g.us": {
      "mute": false,
      "wlcm": true,
      "antilink": false,
      "antilinkyt": false,
      "antilinktt": false,
      "antivirtex": true,
      "antipanel": false,
      "antilinkv2": false
    },
    "6283188328048@s.whatsapp.net": {
      "mute": false,
      "wlcm": true,
      "antilink": false,
      "antilinkyt": false,
      "antilinktt": false,
      "antivirtex": true,
      "antipanel": false,
      "antilinkv2": false
    },
    "6281229659935@s.whatsapp.net": {
      "mute": false,
      "wlcm": true,
      "antilink": false,
      "antilinkyt": false,
      "antilinktt": false,
      "antivirtex": true,
      "antipanel": false,
      "antilinkv2": false
    },
    "6281380056074@s.whatsapp.net": {
      "mute": false,
      "wlcm": true,
      "antilink": false,
      "antilinkyt": false,
      "antilinktt": false,
      "antivirtex": true,
      "antipanel": false,
      "antilinkv2": false
    },
    "6283822058545@s.whatsapp.net": {
      "mute": false,
      "wlcm": true,
      "antilink": false,
      "antilinkyt": false,
      "antilinktt": false,
      "antivirtex": true,
      "antipanel": false,
      "antilinkv2": false
    },
    "6281223309731@s.whatsapp.net": {
      "mute": false,
      "wlcm": true,
      "antilink": false,
      "antilinkyt": false,
      "antilinktt": false,
      "antivirtex": true,
      "antipanel": false,
      "antilinkv2": false
    },
    "6283142353304@s.whatsapp.net": {
      "mute": false,
      "wlcm": true,
      "antilink": false,
      "antilinkyt": false,
      "antilinktt": false,
      "antivirtex": true,
      "antipanel": false,
      "antilinkv2": false
    },
    "6282213003822@s.whatsapp.net": {
      "mute": false,
      "wlcm": true,
      "antilink": false,
      "antilinkyt": false,
      "antilinktt": false,
      "antivirtex": true,
      "antipanel": false,
      "antilinkv2": false
    },
    "6282213694805@s.whatsapp.net": {
      "mute": false,
      "wlcm": true,
      "antilink": false,
      "antilinkyt": false,
      "antilinktt": false,
      "antivirtex": true,
      "antipanel": false,
      "antilinkv2": false
    },
    "120363189595394064@g.us": {
      "mute": false,
      "wlcm": true,
      "antilink": false,
      "antilinkyt": false,
      "antilinktt": false,
      "antivirtex": true,
      "antipanel": false,
      "antilinkv2": false
    },
    "6283838704864@s.whatsapp.net": {
      "mute": false,
      "wlcm": true,
      "antilink": false,
      "antilinkyt": false,
      "antilinktt": false,
      "antivirtex": true,
      "antipanel": false,
      "antilinkv2": false
    },
    "62889017129190@s.whatsapp.net": {
      "mute": false,
      "wlcm": true,
      "antilink": false,
      "antilinkyt": false,
      "antilinktt": false,
      "antivirtex": true,
      "antipanel": false,
      "antilinkv2": false
    },
    "62895346436611@s.whatsapp.net": {
      "mute": false,
      "wlcm": true,
      "antilink": false,
      "antilinkyt": false,
      "antilinktt": false,
      "antivirtex": true,
      "antipanel": false,
      "antilinkv2": false
    },
    "6282299181249@s.whatsapp.net": {
      "mute": false,
      "wlcm": true,
      "antilink": false,
      "antilinkyt": false,
      "antilinktt": false,
      "antivirtex": true,
      "antipanel": false,
      "antilinkv2": false
    },
    "120363187655477779@g.us": {
      "mute": false,
      "wlcm": true,
      "antilink": false,
      "antilinkyt": false,
      "antilinktt": false,
      "antivirtex": true,
      "antipanel": false,
      "antilinkv2": false
    },
    "62895610024536@s.whatsapp.net": {
      "mute": false,
      "wlcm": true,
      "antilink": false,
      "antilinkyt": false,
      "antilinktt": false,
      "antivirtex": true,
      "antipanel": false,
      "antilinkv2": false
    },
    "6283148085237@s.whatsapp.net": {
      "mute": false,
      "wlcm": true,
      "antilink": false,
      "antilinkyt": false,
      "antilinktt": false,
      "antivirtex": true,
      "antipanel": false,
      "antilinkv2": false
    },
    "6285176815316@s.whatsapp.net": {
      "mute": false,
      "wlcm": true,
      "antilink": false,
      "antilinkyt": false,
      "antilinktt": false,
      "antivirtex": true,
      "antipanel": false,
      "antilinkv2": false
    },
    "6283844245768@s.whatsapp.net": {
      "mute": false,
      "wlcm": true,
      "antilink": false,
      "antilinkyt": false,
      "antilinktt": false,
      "antivirtex": true,
      "antipanel": false,
      "antilinkv2": false
    },
    "120363194125343100@g.us": {
      "mute": false,
      "wlcm": true,
      "antilink": false,
      "antilinkyt": false,
      "antilinktt": false,
      "antivirtex": true,
      "antipanel": false,
      "antilinkv2": false
    },
    "6285962324493@s.whatsapp.net": {
      "mute": false,
      "wlcm": true,
      "antilink": false,
      "antilinkyt": false,
      "antilinktt": false,
      "antivirtex": true,
      "antipanel": false,
      "antilinkv2": false
    },
    "120363193905520694@g.us": {
      "mute": false,
      "wlcm": true,
      "antilink": false,
      "antilinkyt": false,
      "antilinktt": false,
      "antivirtex": true,
      "antipanel": false,
      "antilinkv2": false
    },
    "120363212819490620@g.us": {
      "antilink": false,
      "antilinkv2": false,
      "antilinkv3": false
    },
    "120363213755488272@g.us": {
      "antilink": false,
      "antilinkv2": false
    },
    "6288287415392@s.whatsapp.net": {
      "antilink": false,
      "antilinkv2": false
    },
    "120363212239639398@g.us": {
      "antilink": true,
      "antilinkv2": false
    },
    "120363216208654711@g.us": {
      "antilink": false,
      "antilinkv2": false
    },
    "6285728199540@s.whatsapp.net": {
      "antilink": false,
      "antilinkv2": false
    },
    "120363188548266069@g.us": {
      "antilink": false,
      "antilinkv2": false,
      "antilinkv3": true
    },
    "6285854003696@s.whatsapp.net": {
      "antilink": false,
      "antilinkv2": false
    },
    "120363145841406033@g.us": {
      "antilink": false,
      "antilinkv2": false
    },
    "120363276983171831@g.us": {
      "antilink": true,
      "antilinkv2": false,
      "antilinkv3": false
    },
    "120363168142586439@g.us": {
      "antilink": false,
      "antilinkv2": false
    },
    "62895417876778@s.whatsapp.net": {
      "antilink": false,
      "antilinkv2": false
    },
    "120363213709345080@g.us": {
      "antilink": false,
      "antilinkv2": false
    },
    "120363254316319080@g.us": {
      "antilink": false,
      "antilinkv2": false
    },
    "120363197648953251@g.us": {
      "antilink": true,
      "antilinkv2": false
    },
    "120363253535444552@g.us": {
      "antilink": true,
      "antilinkv2": false,
      "antilinkv3": false
    },
    "120363278604619207@g.us": {
      "antilink": false,
      "antilinkv2": false
    },
    "6289504583159-1609414691@g.us": {
      "antilink": false,
      "antilinkv2": false,
      "antilinkv3": true
    },
    "120363220005622964@g.us": {
      "antilink": false,
      "antilinkv2": false
    },
    "120363190826666210@g.us": {
      "antilink": false,
      "antilinkv2": false
    },
    "120363191846820769@g.us": {
      "antilink": false,
      "antilinkv2": false
    },
    "120363177757560757@g.us": {
      "antilink": false,
      "antilinkv2": false
    },
    "120363157272835077@g.us": {
      "antilink": true,
      "antilinkv2": false
    },
    "120363279884391533@g.us": {
      "antilink": false,
      "antilinkv2": false
    },
    "120363240689656697@g.us": {
      "antilink": false,
      "antilinkv2": false
    },
    "120363141842357928@g.us": {
      "antilink": false,
      "antilinkv2": false
    },
    "6285171005656@s.whatsapp.net": {
      "antilink": false,
      "antilinkv2": false
    },
    "120363283528854430@g.us": {
      "antilink": false,
      "antilinkv2": false
    },
    "62895386184477@s.whatsapp.net": {
      "antilink": false,
      "antilinkv2": false
    },
    "6285845674505@s.whatsapp.net": {
      "antilink": false,
      "antilinkv2": false
    },
    "120363197436984569@g.us": {
      "antilink": false,
      "antilinkv2": false
    },
    "120363290671965780@g.us": {
      "antilink": false,
      "antilinkv2": false
    },
    "120363290853000864@g.us": {
      "antilink": false,
      "antilinkv2": false,
      "antilinkv3": true
    },
    "120363235675544570@g.us": {
      "antilink": false,
      "antilinkv2": false
    },
    "120363229653539578@g.us": {
      "antilink": false,
      "antilinkv2": false
    },
    "120363272952643006@g.us": {
      "antilink": false,
      "antilinkv2": false
    },
    "120363224996171552@g.us": {
      "antilink": false,
      "antilinkv2": false
    },
    "120363293616879232@g.us": {
      "antilink": false,
      "antilinkv2": false
    },
    "120363261241109331@g.us": {
      "antilink": false,
      "antilinkv2": false
    },
    "120363275123978934@g.us": {
      "antilink": true,
      "antilinkv2": false
    },
    "120363293560095540@g.us": {
      "antilink": true,
      "antilinkv2": false
    },
    "120363257314182341@g.us": {
      "antilink": true,
      "antilinkv2": false
    },
    "6281572035794@s.whatsapp.net": {
      "antilink": false,
      "antilinkv2": false
    }
  },
  "game": {
    "tebaklagu": [],
    "_family100": [],
    "kuismath": [],
    "tebakgambar": [],
    "tebakangka": [],
    "tebakkata": [],
    "caklontong": [],
    "caklontong_desk": [],
    "tebakkalimat": [],
    "tebaklirik": [],
    "tebaktebakan": [],
    "tebakbendera": [],
    "tebakhewan": [],
    "family100": [],
    "math": [],
    "lontong": [],
    "lontong_desk": [],
    "kalimat": [],
    "lirik": [],
    "tebakan": [],
    "game": {
      "tebaklagu": [],
      "_family100": [],
      "math": [],
      "tebakangka": [],
      "tebakgambar": [],
      "tebakbendera": [],
      "tebakkata": [],
      "lontong": [],
      "lontong_desk": [],
      "kalimat": [],
      "lirik": [],
      "tebakan": []
    }
  },
  "database": {},
  "settings": {
    "62895328005151@s.whatsapp.net": {
      "status": 0,
      "autobio": false,
      "autoread": false
    },
    "6285246154386@s.whatsapp.net": {
      "status": 0,
      "autobio": false,
      "autoread": false
    },
    "6283844245768@s.whatsapp.net": {
      "status": 0,
      "autobio": false,
      "autoread": false
    },
    "6282254050475@s.whatsapp.net": {
      "status": 0,
      "autoread": false
    },
    "6283878823850@s.whatsapp.net": {
      "status": 0,
      "autoread": false
    },
    "628561248504@s.whatsapp.net": {
      "status": 0
    },
    "62895346339500@s.whatsapp.net": {
      "status": 0
    },
    "6282154365238@s.whatsapp.net": {
      "status": 0
    },
    "6285924456572@s.whatsapp.net": {
      "status": 0
    },
    "6282335408411@s.whatsapp.net": {
      "status": 0
    }
  },
  "setting": {},
  "others": {},
  "sticker": {}
}