{"6288210697764@s.whatsapp.net":{"last_online":1714305476212,"alasan":"*Alasan* mau nobar mpl"},"6283873825335@s.whatsapp.net":{"last_online":1714379855328,"alasan":"*Alasan* cari temen mabar"},"6283146496816@s.whatsapp.net":{"last_online":1714395875078,"alasan":"*Alasan* ngilang aja gak bakal di cariin"},"6285757779416@s.whatsapp.net":{"last_online":1714403925711,"alasan":"*Tanpa Alasan*"},"62895343076049@s.whatsapp.net":{"last_online":1714404060722,"alasan":"*Tanpa Alasan*"},"6289515481143@s.whatsapp.net":{"last_online":1714777427539,"alasan":"*Alasan* 🤫🧏🏻‍♀️"},"6289503382127@s.whatsapp.net":{"last_online":1714794416116,"alasan":"*Alasan* maraton dragon Ball sampai tamat #jangan tag² gw🗿🗿"},"6289529292001@s.whatsapp.net":{"last_online":1714794440165,"alasan":"*Alasan* Kadek tukang ninja"},"6285802962506@s.whatsapp.net":{"last_online":1714824100918,"alasan":"*Alasan* beraq"},"601123587216@s.whatsapp.net":{"last_online":1714895584883,"alasan":"*Alasan* mau tengok cerita Keren anime"},"6283137359690@s.whatsapp.net":{"last_online":1715062981469,"alasan":"*Alasan* mau ewe tante"}}