{"120363212819490620@g.us":[{"text":"Selamat Bergabung @NAME\n\n*_Open sewa bot_* \n\n _1K : 2 Hari_\n_10K : 20 Hari_\n_15 K : 30 Hari_\n\n _*Open jadibot*_\n\n10K : 10 Hari\n20 K : 20 Hari\n30 K : 30 Hari\n\n *Open sewa panel* \n\n _30K : 30 Hari_ \n\nMinat hubungi\nhttps://t.me/autoresbot_com","status":"on"}],"120363168142586439@g.us":[{"text":"*Selamat Bergabung,Silahkan intro terlebih dahulu*","status":"on"}],"120363276983171831@g.us":[{"text":"@NAME Selamat Datang Di @GROUP \nDeskripsi @DESC","status":"on"}],"120363278604619207@g.us":[{"text":"Selamat datang @NAME\n\nselamat bergabung di @GROUP\n\nbaca deskripsi\n@DESC","status":"on"}],"120363278676265755@g.us":[{"text":"selamat datang @NAME","status":"on"}],"120363258982088898@g.us":[{"text":"Selamat datang @NAME di ୨⎯ 𝐎𝐭𝐚𝐤𝐮.𝐢𝐝𝐧⎯୧🎌","status":"on"}],"6289504583159-1609414691@g.us":[{"text":"Selamat datang @NAME di @GROUP","status":"on"}],"120363028278420334@g.us":[{"text":"Halo @NAME Selamat Bergabung di Group @GROUP","status":"on"}],"120363177423076973@g.us":[{"text":"• hii ka @NAME welcome to @GROUP \n\n◌ ketik .list untuk menampilkan menu \n◌ jangan lupa baca @DESC \n\n *🎀menyediakan*\n\n• top up all game \n• kebutuhan sosmed\n• apk premium \n• jasa joki \n\n *🎀Payment*\n\n• dana\n• gopay\n• ovo \n• shoppepay\n• seabank\n\n*~happy shopping all (⁠≧⁠▽⁠≦⁠)~*\n • admin *asy🌷*","status":"on"}],"62895380406206-1552371771@g.us":[{"text":"Halo @NAME Selamat Bergabung Di Grub @GROUP","status":"on"}],"120363197436984569@g.us":[{"text":"welkom mem bau 🥰 @NAME\nbetah betah yaa di @GROUP\njan lupa pap ktp + pap imutnya 😋","status":"on"}],"120363290671965780@g.us":[{"text":"Assalamu'alaikum warahmatullahi wabarokatuh selamat datang di gc ngawi V2 Betah' ya,sehat selalu sahabat 😇","status":"on"}],"120363283528854430@g.us":[{"text":"*Hallo Selamat datang di JB JB Raorixown,semoga betah ya*","status":"on"}],"120363263746942716@g.us":[{"text":"𝐖𝐞𝐥𝐜𝐮𝐦𝐡 @NAME 𝐭𝐨 @GROUP, 𝐢𝐧𝐭𝐫𝐨 𝐝𝐮𝐥𝐮 𝐩𝐞𝐪𝐪🥵\n\n𝐍𝐚𝐦𝐚:\n𝐔𝐦𝐮𝐫:\n𝐀𝐬𝐤𝐨𝐭:","status":"on"}],"6281998033550-1560977157@g.us":[{"text":"Selamat Datang Di Grub Autoresbot #3\n\n*Join Grub Bot Comunity*\nhttps://chat.whatsapp.com/DjVuKJzFhQR5WlZAp9IhFz","status":"on"}],"120363290853000864@g.us":[{"text":"Selamat Datang @NAME\n\nAmbaStore @GROUP\nKetik .list untuk melihat harga dan sistem","status":"on"}],"120363272952643006@g.us":[{"text":"Welcome @NAME di @GROUP\n\nMohon untuk perkenalan diri😊\n\n*Nama:* \n*Umur:* \n*Domisili:*","status":"on"}],"120363229653539578@g.us":[{"text":"Hai poke betah betah ya disini jangan lupa introo","status":"on"}],"120363235675544570@g.us":[{"text":"ཻུꦽꦼ̷⸙‹•══════════════♡᭄\n│ *「 Kartu Intro 」*\n│ *Nama :* wajib\n│ *Gender :* wajib\n│ *Umur :* opsional \n│ *Hobby :* opsional \n│ *Game :* opsional \n│ *Asal :* opsional\n╰═════ꪶ ཻུ۪۪ꦽꦼ̷⸙ ━ ━ ━ ━ ꪶ ཻུ۪۪ꦽꦼ̷⸙\n\n_BAGI YANG TIDAK INGIN MERASA TERGANGGU DENGAN WA NYA BISA DIKUNCI/ARSIPKAN INI GRUP_\n\nJangan lupa save admin 6285713910078","status":"on"}],"120363224996171552@g.us":[{"text":"@NAME\n\ndi @ GRUP","status":"on"}],"120363257314182341@g.us":[{"text":"Halo @NAME\n\nSELAMAT BERGABUNG DI GRUP APSARA48\nJANGAN LUPA ISI INTRO GRUP\n\n╔━━━━━━━𓊈𝐀𝐒𝐑𝟒𝟖𓊉━━━━━━━━╗\n║ ╔━━━━━━━━━━━━╗\n║ ║ ⟬𝗞𝗮𝗿𝘁𝘂 𝗜𝗻𝘁𝗿𝗼 ╔━━━━━━━𓊈𝐀𝐒𝐑𝟒𝟖𓊉━━━━━━━━╗\n║ ╔━━━━━━━━━━━━╗\n║ ⟬𝗞𝗮𝗿𝘁𝘂 𝗜𝗻𝘁𝗿𝗼 𝐀𝐒𝐑𝟒𝟖⟭\n║ ╚━━━━━━━━━━━━╝\n╠╌╌╌╌╌╌╌┄┈┄╌╌╌╌╌╌╌╗\n╠╺ 𝐍𝐚𝐦𝐚:\n╠╺ 𝐀𝐬𝐤𝐨𝐭:\n╠╺ 𝐎𝐬𝐡𝐢:\n╠╺ 𝐋𝐢𝐧𝐤 𝐭𝐭:\n╠╌╌╌╌╌╌╌┄┈┄╌╌╌╌╌╌╌╝\n║\n╚━━━━━━━𓊈𝐀𝐒𝐑𝟒𝟖𓊉━━━━━━━╝","status":"on"}],"120363277567623718@g.us":[{"text":"Halo @NAME Selamat datang di @GROUP\n\nBuat yang baru Gabung Informasi event akan di share tiap Jam 12 dan 6 ya !! \n\nJangan lupa cek desk ya !! ☺️","status":"on"}],"120363293560095540@g.us":[{"text":"HALO @NAME","status":"on"}]}